<?xml version="1.0" encoding="UTF-8"?>
<project-private xmlns="http://www.netbeans.org/ns/project-private/1">
    <editor-bookmarks xmlns="http://www.netbeans.org/ns/editor-bookmarks/2" lastBookmarkId="0"/>
    <open-files xmlns="http://www.netbeans.org/ns/projectui-open-files/2">
        <group>
            <file>file:/C:/Users/A&amp;A/Desktop/CarRent/CarRent/src/project3tiers/Main.java</file>
            <file>file:/C:/Users/A&amp;A/Desktop/CarRent/CarRent/src/project3tiers/caradd_1.java</file>
            <file>file:/C:/Users/A&amp;A/Desktop/CarRent/CarRent/src/project3tiers/rentail_1.java</file>
            <file>file:/C:/Users/A&amp;A/Desktop/CarRent/CarRent/src/project3tiers/Duepay.java</file>
            <file>file:/C:/Users/A&amp;A/Desktop/CarRent/CarRent/src/project3tiers/Login.java</file>
            <file>file:/C:/Users/A&amp;A/Desktop/CarRent/CarRent/src/project3tiers/customer.java</file>
            <file>file:/C:/Users/A&amp;A/Desktop/CarRent/CarRent/src/project3tiers/rentail.java</file>
        </group>
    </open-files>
</project-private>
